                  epoch,         train/box_loss,         train/cls_loss,         train/dfl_loss,   metrics/precision(B),      metrics/recall(B),       metrics/mAP50(B),    metrics/mAP50-95(B),           val/box_loss,           val/cls_loss,           val/dfl_loss,                 lr/pg0,                 lr/pg1,                 lr/pg2
                      1,                  1.699,                 1.9112,                 1.2726,                0.73916,                0.53425,                  0.635,                0.32422,                 1.3878,                 1.3308,                 1.3559,             0.00033298,             0.00033298,             0.00033298
                      2,                 1.5975,                 1.2346,                 1.2225,                0.76788,                  0.609,                0.69417,                0.39321,                 1.3002,                0.90596,                 1.2696,             0.00044643,             0.00044643,             0.00044643
                      3,                 1.5252,                 1.0531,                 1.1834,                0.77691,                0.69035,                0.77057,                0.45187,                 1.2254,                0.78682,                 1.2173,             0.00033988,             0.00033988,             0.00033988
